Uuid,Void/Retire,Same as mappings,Fully specified name:en,Short name:en,Fully specified name:km,Short name:km,Description:en,Description:km,Data class,Data type,Answers,Units,Members,Allow decimals,_version:1,_order:1850
49b79baa-c7db-4e6c-88e6-93e67ecc2a79,,,Test not done,Test not done,មិនបានធ្វើតេស្ត,មិនបានធ្វើតេស្ត,,,Misc,N/A,,,,,,
cd9d1cab-5a14-41e4-bf4b-e9425bc53958,,,Age of first sexual intercourse,Age of first sexual intercourse,អាយុនៃការរួមភេទលើកដំបូង,អាយុនៃការរួមភេទលើកដំបូង,,,Misc,Numeric,,,,Yes,,
9186111c-9df6-467f-8479-cb950b7fb252,,,Has patient been pregnant before?,Has patient been pregnant before?,តើអ្នកជំងឺមានផ្ទៃពោះពីមុនទេ?,តើអ្នកជំងឺមានផ្ទៃពោះពីមុនទេ?,,,Question,Coded,Yes;No,,,,,
b5913f28-31f5-4634-8970-316fba5f0eaf,,,Number of pregnancies,Number of pregnancies,ចំនួនដងនៃការមានផ្ទៃពោះ,ចំនួនដងនៃការមានផ្ទៃពោះ,,,Misc,Numeric,,,,,,
ac127f70-514c-4f42-aa46-a13bb0d26a79,,,Number of deliveries,Number of deliveries,ចំនួនដងនៃការសម្រាលកូន,ចំនួនដងនៃការសម្រាលកូន,,,Misc,Numeric,,,,,,
e83196b4-793a-40dc-b30f-3a0ddac746bc,,,Number of miscarriages,Number of miscarriages?,ចំនួនដងនៃការរលូតកូន,ចំនួនដងនៃការរលូតកូន,,,Misc,Numeric,,,,,,
e45b3453-ad10-475c-abc7-4523fce69be6,,,Is patient currently pregnant?,Is patient currently pregnant?,តើអ្នកជំងឺកំពុងមានផ្ទៃពោះទេ?,តើអ្នកជំងឺកំពុងមានផ្ទៃពោះទេ?,,,Question,Coded,Yes;No,,,,,
40026557-6b03-4f1d-9592-ced1369814ff,,,Weeks of amenorrhea,Weeks of amenorrhea?,សប្តាហ៍នៃការអត់ធ្លាក់ឈាមរដូវ,សប្តាហ៍នៃការអត់ធ្លាក់ឈាមរដូវ,,,Misc,Numeric,,,,Yes,,
f44fcc48-4666-4270-a69e-d86e745d9a09,,,Menarche,Menarche,ការមានឈាមរដូវលើកដំបូង,ការមានឈាមរដូវលើកដំបូង,,,Question,Numeric,,,,Yes,,
f5f5ccde-7d25-4ed9-9ccf-34cbe84de886,,,Last normal menstrual period,Last normal menstrual period,ការមកឈាមរដូវចុងក្រោយធម្មតា,ការមកឈាមរដូវចុងក្រោយធម្មតា,,,Question,Date,,,,,,
b0ec35f7-da9d-4af9-bcd3-450bf4f39c9f,,,Regular menstrual,Regular menstrual,មករដូវទៀងទាត់,មករដូវទៀងទាត់,,,Misc,N/A,,,,,,
70a4a702-5bf9-443f-93fb-9f5303327047,,,No menstrual bleeding,No menstrual bleeding,មិនមានការមករដូវទេ។,មិនមានការមករដូវទេ។,,,Misc,N/A,,,,,,
ad69975c-b8e0-419c-91f3-e82f6afe5b8b,,,Irregular menstrual,Irregular menstrual,មកឈាមរដូវមិនទៀងទាត់,មកឈាមរដូវមិនទៀងទាត់,,,Misc,N/A,,,,,,
b9894efe-c0f2-4f2e-b86d-4722fad3d174,,,Menopause,Menopause,អស់រដូវ,អស់រដូវ,,,Misc,N/A,,,,,,
600a13b5-5167-4f4c-8f19-88e43cec874a,,,Menstrual history,Menstrual history,ប្រវត្តិនៃការមករដូវ,ប្រវត្តិនៃការមករដូវ,,,Question,Coded,Regular menstrual;No menstrual bleeding;Irregular menstrual;Menopause,,,,,
b26486b8-899b-4928-99dd-5b2e7f1438ad,,,Long term use of corticosteroids,Long term use of corticosteroids,ការប្រើប្រាស់រយៈពេលយូរនៃថ្នាំ corticosteroids,ការប្រើប្រាស់រយៈពេលយូរនៃថ្នាំ corticosteroids,,,Misc,N/A,,,,,,
cb2f4379-6b50-4e3c-b26e-bddba42442ad,,,Combined hormonal use for more than 5 years,Combined hormonal use for more than 5 years,ការប្រើប្រាស់អរម៉ូនរួមបញ្ចូលគ្នាលើសពី 5 ឆ្នាំ។,ការប្រើប្រាស់អរម៉ូនរួមបញ្ចូលគ្នាលើសពី 5 ឆ្នាំ។,,,Misc,N/A,,,,,,
49796c21-8fdb-4722-9241-3d8e8114686f,,,STI,STI,ជំងឺកាមរោគ,ជំងឺកាមរោគ,,,Misc,N/A,,,,,,
c35a8005-2265-491a-847c-e9c862c871a1,,,Has multiple sexual partners,Has multiple sexual partners,មានដៃគូរួមភេទច្រើន។,មានដៃគូរួមភេទច្រើន។,,,Misc,N/A,,,,,,
668f0977-c85e-4cc8-b11c-f6ac888f9f1d,,,Couple with multiple sexual partners,Couple with multiple sexual partners,គូជាមួយដៃគូរួមភេទច្រើន។,គូជាមួយដៃគូរួមភេទច្រើន។,,,Misc,N/A,,,,,,
1cdb4ac0-7258-4bd6-8109-fe1f9f81e5be,,,HIV/AIDS,HIV/AIDS,មេរោគអេដស៍/អេដស៍,មេរោគអេដស៍/អេដស៍,,,Misc,N/A,,,,,,
4b64cdda-d2b6-4742-b4c9-7359822267d5,,,Mother/Sister with cervical cancer,Mother/Sister with cervical cancer,ម្តាយ/បងស្រីដែលមានជំងឺមហារីកមាត់ស្បូន,ម្តាយ/បងស្រីដែលមានជំងឺមហារីកមាត់ស្បូន,,,Misc,N/A,,,,,,
12f4c60e-f432-4423-b64a-c6206626b4fe,,,Previous VIA test with positive results,Previous VIA test with positive results,ការធ្វើតេស្ត VIA ពីមុនជាមួយនឹងលទ្ធផលវិជ្ជមាន,ការធ្វើតេស្ត VIA ពីមុនជាមួយនឹងលទ្ធផលវិជ្ជមាន,,,Misc,N/A,,,,,,
b2977f9a-362a-41b6-acb1-34bf9932a530,,,Abnormal pap smear,Abnormal pap smear,pap smear មិនធម្មតា,pap smear មិនធម្មតា,,,Misc,N/A,,,,,,
f56e0886-27d7-4540-8419-23954f6df39d,,,Reproductive risk factors,Reproductive risk factors,កត្តាហានិភ័យនៃការបន្តពូជ,កត្តាហានិភ័យនៃការបន្តពូជ,,,Misc,Coded,Long term use of corticosteroids;Combined hormonal use for more than 5 years;STI;Has multiple sexual partners;Couple with multiple sexual partners;HIV/AIDS;Mother/Sister with cervical cancer;Previous VIA test with positive results;Abnormal pap smear,,,,,
71526ebd-e9f4-4760-b77c-2be89fbb7713,,,Fully visible,Fully visible,អាចមើលឃើញទាំងស្រុង,អាចមើលឃើញទាំងស្រុង,,,Misc,N/A,,,,,,
a09d0187-68eb-4c58-9ede-de21994de74e,,,Partially visible,Partially visible,មើលឃើញដោយផ្នែក,មើលឃើញដោយផ្នែក,,,Misc,N/A,,,,,,
48ed5d8d-951d-4529-abad-f7ef25937642,,,Not visible,Not visible,មើលមិនឃើញ,មើលមិនឃើញ,,,Misc,N/A,,,,,,
d2ec630a-a223-492a-89f2-597266b36571,,,Visibility of SCJ,Visibility of SCJ,មើលឃើញ SCJ ទាំងស្រុង,មើលឃើញ SCJ ទាំងស្រុង,,,Misc,Coded,Fully visible;Partially visible;Not visible,,,,,
3c2ee376-15ca-4445-b326-dddad91d4ede,TRUE,,Invasive,Invasive,ដែលរីករាលដាល,ដែលរីករាលដាល,,,Misc,N/A,,,,,,
da15c40f-e24b-4771-9986-d3ce5ca56b94,,,Unclear result,Unclear result,លទ្ធផលមិនច្បាស់,លទ្ធផលមិនច្បាស់,,,Misc,N/A,,,,,,
7d469a03-a56b-4c51-a421-0e5787556630,,,Suspected cancer,Suspected cancer,សង្ស័យមានមហារីក,សង្ស័យមានមហារីក,,,Misc,N/A,,,,,,
fc3909e3-9ddb-46e3-b4f7-6905732d977b,,,Test confirmation/treatment,Test confirmation/treatment,ការធ្វើតេស្តបញ្ជាក់/ការព្យាបាល,ការធ្វើតេស្តបញ្ជាក់/ការព្យាបាល,,,Misc,N/A,,,,,,
27912a31-4b1e-40d4-a3a0-947e0eb2e588,,,VIA test results,VIA test results,លទ្ធផលតេស្ត VIA,លទ្ធផលតេស្ត VIA,,,Misc,Coded,Positive;Negative;Unclear result;Suspected cancer,,,,,
a285044f-7897-4640-890a-c729caf2f1dd,,,Quadrant 1,Quadrant 1,កាដ្រង់ទី១,កាដ្រង់ទី១,,,Misc,N/A,,,,,,
4f6a3d40-690f-49d5-a158-d14b98fbf34d,,,Quadrant 2,Quadrant 2,កាដ្រង់ទី២,កាដ្រង់ទី២,,,Misc,N/A,,,,,,
513d8b5a-aac6-4379-b061-e4b002897e7d,,,Quadrant 3,Quadrant 3,កាដ្រង់ទី៣,កាតត្រង់ទី៣,,,Misc,N/A,,,,,,
bcc03428-92e1-4aef-b759-ffc6c816c326,,,Quadrant 4,Quadrant 4,កាដ្រង់ទី៤,កាដ្រង់ទី៤,,,Misc,N/A,,,,,,
0dd61510-1ddd-49e8-838b-b4ec7fdaf95f,,,Number of quadrants involved,Number of quadrants involved,ចំនួនquadrantsដែលពាក់ព័ន្ធ,ចំនួនquadrantsដែលពាក់ព័ន្ធ,,,Misc,Coded,Quadrant 1;Quadrant 2;Quadrant 3;Quadrant 4,,,,,
be60008d-e9eb-48dd-a529-e6d7a5fcb3c7,,,More than 75%,More than 75%,ច្រើនជាង 75%,ច្រើនជាង 75%,,,Misc,N/A,,,,,,
b447d033-4841-4ba4-89ca-714d0b5438fe,,,Less than 75%,Less than 75%,តិចជាង 75%,តិចជាង 75%,,,Misc,N/A,,,,,,
a84a070a-172f-43f7-96f3-67574d42ba1b,,,What area of ectocervix does the acetowhite area occupy?,What area of ectocervix does the acetowhite area occupy?,តើតំបន់ផ្នែកនៃមាត់ស្បូនខាងក្រៅមានកោសិកាចាប់ពណ៌សដែរឬទេ?,តើតំបន់ផ្នែកនៃមាត់ស្បូនខាងក្រៅមានកោសិកាចាប់ពណ៌សដែរឬទេ?,,,Misc,Coded,More than 75%;Less than 75%,,,,,
86a3965b-f9b6-472a-9e9b-15528991308a,,CIEL:5275,Intrauterine device,IUD,កងដាក់ក្នុងស្បូន,កងដាក់ក្នុងស្បូន,,,Misc,N/A,,,,,,
23965e92-7a90-42a1-bff6-66515845017c,,CIEL:5279,Injectable,Injectable,ថ្នាំចាក់ពន្យារកំណើត,ថ្នាំចាក់ពន្យារកំណើត,,,Misc,N/A,,,,,,
61045334-c304-401b-8ec8-2f2223a3326d,,CIEL:1359,Implant,Implant,កងដាក់់ដៃសម្រាប់ពន្យារកំណើត,កងដាក់់ដៃសម្រាប់ពន្យារកំណើត,,,Misc,N/A,,,,,,
46bf7d74-3bde-476c-aea9-0db811b435fa,,CIEL:780,Combined oral contraceptive,COC,ថ្នាំគ្រាប់លេបសម្រាប់ពន្យារកំណើត(រួមបញ្ចូលគ្នា),ថ្នាំគ្រាប់លេបសម្រាប់ពន្យារកំណើត(រួមបញ្ចូលគ្នា),,,Misc,N/A,,,,,,
b6eae24c-af20-4e85-bd1c-1df8e96d74b1,,CIEL:374,Method of family planning,Method of family planning,វិធីសាស្រ្តពន្យារកំណើត,វិធីសាស្រ្តពន្យារកំណើត,,,Misc,Coded,Intrauterine device;Injectable;Implant;Combined oral contraceptive,,,,,
5c0a329a-48f4-4e8d-9b4e-5df7301a8324,,,Is patient currently using family planning,Is patient currently using family planning,តើបច្ចុប្បន្ននេះ អ្នកជំងឺកំពុងប្រើប្រាស់មធ្យោបាយពន្យារកំណើតដែរឬទេ?,តើបច្ចុប្បន្ននេះ អ្នកជំងឺកំពុងប្រើប្រាស់មធ្យោបាយពន្យារកំណើតដែរឬទេ?,,,Misc,Coded,Yes;No,,,,,
abcf6140-5cc9-42a7-86c3-60528cfc9d4e,,,Have you ever had blood during/after sexual intercourse?,Have you ever had blood during/after sexual intercourse?,ការហូរឈាមក្រោយការរួមភេទ,ការហូរឈាមក្រោយការរួមភេទ,,,Misc,Coded,Yes;No,,,,,
76464977-5175-4593-9a59-82cd445c76b0,,,Does patient use corticosteroids?,Does patient use corticosteroids?,តើអ្នកជំងឺប្រើពពួកថ្នាំគ័រទីកូអ៊ីដ (corticosteroids) ដែរឬទេ?,តើអ្នកជំងឺប្រើពពួកថ្នាំគ័រទីកូអ៊ីដ (corticosteroids) ដែរឬទេ?,,,Misc,Coded,Yes;No,,,,,
e5c015db-9c06-45da-aaba-bf3fee26a4c7,,,Corticosteroids use duration (Year(s)),Corticosteroids use duration (Year(s)),រយៈពេលនៃការប្រើថ្នាំពពួកគ័រទីកូអ៊ីដ (គិតជាឆ្នាំ),រយៈពេលនៃការប្រើថ្នាំពពួកគ័រទីកូអ៊ីដ (គិតជាឆ្នាំ),,,Misc,Numeric,,Year(s),,Yes,,
9e34db11-fd5c-4ccc-8595-ace8d7d98373,,,Has patient used combined oral contraceptives for more than 5 years?,Has patient used combined oral contraceptives for more than 5 years?,តើអ្នកជំងឺបានប្រើថ្នាំគ្រាប់ពន្យារកំណើត អស់រយៈពេលចាប់ពី៥ឆ្នាំឡើងដែរឬទេ?,តើអ្នកជំងឺបានប្រើថ្នាំគ្រាប់ពន្យារកំណើត អស់រយៈពេលចាប់ពី៥ឆ្នាំឡើងដែរឬទេ?,,,Misc,Coded,Yes;No,,,,,
c2e13ca7-9c7c-49cd-bada-2c8bb34f3e6c,TRUE,,How many sex partners do you have?,How many sex partners do you have?,តើអ្នកមានដៃគូរួមភេទប៉ុន្មាននាក់?,តើអ្នកមានដៃគូរួមភេទប៉ុន្មាននាក់?,,,Misc,Numeric,,,,,,
bd4a43d6-455e-40b8-abbd-fd4311167556,TRUE,,How many sex partners does your partner have?,How many sex partners does your partner have?,តើដៃគូរួមភេទរបស់អ្នក មានដៃគូប៉ុន្មានអ្នកទៀតដែរ?,តើដៃគូរួមភេទរបស់អ្នក មានដៃគូប៉ុន្មានអ្នកទៀតដែរ?,,,Misc,Numeric,,,,,,
a47c165a-2c06-4b6d-b127-d1edba82604a,,,History of STI(s),History of STI(s),ប្រវត្តិទាក់ទងនឹងជំងឺកាមរោគ,ប្រវត្តិទាក់ទងនឹងជំងឺកាមរោគ,,,Misc,Coded,Yes;No,,,,,
aab5fe68-16dc-484f-b3a5-88deba3d2c72,,,Sexually transmitted infection(s),Sexually transmitted infection(s),ជំងឺឆ្លងតាមផ្លូវភេទ,ជំងឺកាមរោគ,,,Misc,Coded,Syphilis (A53.9);Gonorrhea (A54.9);Candidiasis (B37.9);Trichomoniasis (A59.9);Human papillomavirus (B97.7);Other;Unknown,,,,,
529c57b6-a232-46a0-a6eb-2e1aaa9e3758,,,Other sexually transmitted infection(s),Other sexually transmitted infection(s),ជំងឺឆ្លងផ្សេងទៀតដោយការរួមភេទ,ជំងឺឆ្លងផ្សេងទៀតដោយការរួមភេទ,,,Misc,Text,,,,,,
1260b402-07f1-4505-abac-182fbe30d6a8,,,Other cancer types,Other cancer types,ប្រភេទជំងឺមហារីកផ្សេងទៀត,ប្រភេទជំងឺមហារីកផ្សេងទៀត,,,Misc,Text,,,,,,
b34b1def-2222-4877-ba0c-3fd545d0712a,,,History of Sexually Transmitted Infection Set,History of Sexually Transmitted Infection,សំណុំប្រវត្តិទាក់ទងនឹងជំងឺកាមរោគ,សំណុំប្រវត្តិទាក់ទងនឹងជំងឺកាមរោគ,,,ConvSet,N/A,,,History of STI(s);Sexually transmitted infection(s);Other sexually transmitted infection(s),,,
f6da3f1d-2b98-40a3-af57-7e30ce44ed90,,,Currently contracted with STI(s),Currently contracted with STI(s),បានឆ្លងជំងឺកាមរោគក្នុងពេលថ្មីៗនេះ,បានឆ្លងជំងឺកាមរោគក្នុងពេលថ្មីៗនេះ,,,Misc,Coded,Yes;No,,,,,
b45841bf-d344-493b-982c-b695818736ac,,,Currently contracted with Sexually Transmitted Infection Set,History of Sexually Transmitted Infection,សំណុំប្រវត្តិទាក់ទងនឹងការឆ្លងជំងឺកាមរោគក្នុងពេលថ្មីៗនេះ,សំណុំប្រវត្តិទាក់ទងនឹងការឆ្លងជំងឺកាមរោគក្នុងពេលថ្មីៗនេះ,,,ConvSet,N/A,,,Currently contracted with STI(s);Sexually transmitted infection(s);Other sexually transmitted infection(s),,,
b6e093cc-08bd-4e8d-ba8c-630ccd70e5aa,,,Not on ART,Not on ART,មិនទាន់ប្រើថ្នាំប្រឆាំងមេរោគ (ART),មិនទាន់ប្រើថ្នាំប្រឆាំងមេរោគ (ART),,,Misc,N/A,,,,,,
4d94a822-b09b-459f-9f60-57e62ac467d7,,,Stopped using ART,Stopped using ART,បានឈប់ប្រើថ្នាំប្រឆាំងមេរោគហើយ,បានឈប់ប្រើថ្នាំប្រឆាំងមេរោគហើយ,,,Misc,N/A,,,,,,
dec6bdc3-dc24-42f3-bb22-f7b1b8502ad4,,,Irregulary taking ART,Irregulary taking ART,ប្រើថ្នាំប្រឆាំងមេរោគមិនបានទៀងទាត់,ប្រើថ្នាំប្រឆាំងមេរោគមិនបានទៀងទាត់,,,Misc,N/A,,,,,,
b5b5da0e-2958-4333-bbdc-26b47848323a,,,Takes ART regulary,Takes ART regulary,ប្រើថ្នាំប្រឆាំងមេរោគបានទៀងទាត់ល្អ,ប្រើថ្នាំប្រឆាំងមេរោគបានទៀងទាត់ល្អ,,,Misc,N/A,,,,,,
42235bf6-dac7-4d7d-b2a0-c8a33a7fb547,,,Do you have HIV/AIDS?,Do you have HIV/AIDS?,តើអ្នកមានផ្ទុកមេរោគអេដស៍/ជំងឺអេដស៍ដែរឬទេ?,តើអ្នកមានផ្ទុកមេរោគអេដស៍/ជំងឺអេដស៍ដែរឬទេ?,,,Misc,Coded,Yes;No,,,,,
ee809067-15e7-4c5e-9cbd-3629b034850d,,,HIV/AIDS treatment,HIV/AIDS treatment,ការព្យាបាលមេរោគអេដស៍/ជំងឺអេដស៍,ការព្យាបាលមេរោគអេដស៍/ជំងឺអេដស៍,,,Misc,Coded,Not on ART;Stopped using ART;Irregulary taking ART;Takes ART regulary,,,,,
9673f964-3ccf-43b7-a740-7e8689c21b90,,,Breast cancer,Breast cancer,ជំងឺមហារីកដោះ,ជំងឺមហារីកដោះ,,,Misc,N/A,,,,,,
69c29886-eb92-44f9-bcef-1ec5a12ae3eb,,,Cervical cancer,Cervical cancer,ជំងឺមហារីកមាត់ស្បូន,ជំងឺមហារីកមាត់ស្បូន,,,Misc,N/A,,,,,,
02f49e6b-7a35-44f4-9726-ac44affbbafd,,,Lung cancer,Lung cancer,ជំងឺមហារីកសួត,ជំងឺមហារីកសួត,,,Misc,N/A,,,,,,
7ba23507-eca8-424b-b870-21eacd678454,,,Liver cancer,Liver cancer,ជំងឺមហារីកថ្លើម,ជំងឺមហារីកថ្លើម,,,Misc,N/A,,,,,,
026e7cdb-2609-480e-ae8f-c21ca092e79a,,,Family history of cancer,Family history of cancer,ប្រវត្តិគ្រួសារទាក់ទងនឹងជំងឺមហារីក,ប្រវត្តិគ្រួសារទាក់ទងនឹងជំងឺមហារីក,,,Misc,Coded,Yes;No,,,,,
541b8a94-ff7a-474c-b5b0-8c2a2135c684,,,Type of cancer,Type of cancer,ប្រភេទនៃជំងឺមហារីក,ប្រភេទនៃជំងឺមហារីក,,,Misc,Coded,Breast cancer;Cervical cancer;Lung cancer;Liver cancer;Other;Unknown,,,,,
4066c646-40c3-48ac-99fa-91a2f5f57e3c,,,Cervical cancer health education,Cervical cancer health education,ការអប់រំសុខភាពអំពីជំងឺមហារីកមាត់ស្បូន,ការអប់រំសុខភាពអំពីជំងឺមហារីកមាត់ស្បូន,,,Misc,Coded,Yes;No,,,,,
2288d1ba-24c3-4434-85c2-29f14e45bc83,,,Cervix,Cervix,មាត់ស្បូន/កស្បូន,មាត់ស្បូន/កស្បូន,,,Misc,N/A,,,,,,
eaf38fc1-ece9-404a-8de3-ea1a3d2ece4d,,,Uterus,Uterus,តួស្បូន,តួស្បូន,,,Misc,N/A,,,,,,
e99f42d4-2175-4060-8a95-60e1ce3b49b3,,,Fallopian tube,Fallopian tube,ដៃស្បូន,ដៃស្បូន,,,Misc,N/A,,,,,,
7fe6a1ea-5fc0-4f05-a6c3-6e72c0dc15ab,,,Vulva,Vulva,យោនី,យោនី,,,Misc,N/A,,,,,,
eeccfed1-c059-460c-8dc0-713b75436293,,,Rectum,Rectum,ចុងពោះវៀនធំ,ចុងពោះវៀនធំ,,,Misc,N/A,,,,,,
b643325d-0d63-4ba0-9c0d-e1c0a1c9f3ce,,,Human papilloma virus test,Human papilloma virus test,តេស្តសម្រាប់រកមេរោគបង្កជំងឺមហារីកមាត់ស្បូន (HPV),តេស្តសម្រាប់រកមេរោគបង្កជំងឺមហារីកមាត់ស្បូន (HPV),,,Misc,Coded,Negative;Positive;Test not done,,,,,
c0027068-fe1b-4401-aad5-d70e4437362c,,,Colposcopy,Colposcopy,ការឆ្លុះពិនិត្យមើលមាត់ស្បូនដោយប្រើឧបករណ៍,ការឆ្លុះពិនិត្យមើលមាត់ស្បូនដោយប្រើឧបករណ៍,,,Misc,Coded,Negative;Positive;Test not done,,,,,
442bb1b3-d064-41a2-86d3-23bc643850f7,,,Non-cancer,Non-cancer,មិនមែនជំងឺមហារីក,មិនមែនជំងឺមហារីក,,,Misc,N/A,,,,,,
f743c638-bbe0-4af8-a746-6be18c0b7c84,,,Cancer,Cancer,ជំងឺមហារីក,ជំងឺមហារីក,,,Misc,N/A,,,,,,
df802805-a937-4031-928d-8ce7b69aefc7,,,Cervical biopsy,Cervical biopsy,ច្រឹបសាច់សម្រាប់ការពិនិត្យកោសិការវិទ្យា (Biospy),ច្រឹបសាច់សម្រាប់ការពិនិត្យកោសិការវិទ្យា (Biospy),,,Misc,Coded,Non-cancer;Cancer;Test not done,,,,,
863d4bf3-310d-472a-990d-8467e543ebab,,,Pap smear,Pap smear,ការយកសំណាកមាត់ស្បូនដើម្បីពិនិត្យ (រកជំងឺមហារីក),ការយកសំណាកមាត់ស្បូនដើម្បីពិនិត្យ (រកជំងឺមហារីក),,,Misc,Coded,Negative;Positive;Test not done,,,,,
87e3207d-50fd-470d-a54a-7b003f02e3d9,,,LSIL ( CIN 1),LSIL ( CIN 1),ការខូចខាតកម្រិតតិចតួចនៃស្រទាប់ជាលិកាក្នុងមាត់ស្បូន (កម្រិតទី១),ការខូចខាតកម្រិតតិចតួចនៃស្រទាប់ជាលិកាក្នុងមាត់ស្បូន (កម្រិតទី១),,,Misc,N/A,,,,,,
cddf5a49-1a8d-4a7f-8426-d5cd951dea47,,,HSIL ( CIN 2& 3),HSIL ( CIN 2& 3),ការខូចខាតកម្រិតខ្ពស់នៃស្រទាប់ជាលិកាក្នុងមាត់ស្បូន (កម្រិតទី២ និងទី៣),ការខូចខាតកម្រិតខ្ពស់នៃស្រទាប់ជាលិកាក្នុងមាត់ស្បូន (កម្រិតទី២ និងទី៣),,,Misc,N/A,,,,,,
546348a8-e53e-4441-b700-f9faec7ffc88,,,Pap smear positive stage,Pap smear positive stage,ដំណាក់កាលវិជ្ជមាននៃការពិនិត្យសំណាកមាត់ស្បូន (pap smear),ដំណាក់កាលវិជ្ជមាននៃការពិនិត្យសំណាកមាត់ស្បូន (pap smear),,,Misc,Coded,LSIL ( CIN 1);HSIL ( CIN 2& 3),,,,,
3f80b4bd-6370-4ee7-ad4a-cbe07cb7af31,,,VIA test,VIA test,ការធ្វើតេស្ត VIA,ការធ្វើតេស្ត VIA,,,Misc,N/A,,,,,,
1ab9a6cf-4140-444d-980e-682961de33f5,,,Biopsis,Biopsis,ការច្រឹបយកសាច់ទៅពិនិត្យនៅមន្ទីរពិសោធន៍,ការច្រឹបយកសាច់ទៅពិនិត្យនៅមន្ទីរពិសោធន៍,,,Misc,N/A,,,,,,
44b23eee-963f-4a9f-b7fd-8a8e753ffbe4,,,Treatment,Treatment,ការព្យាបាល,ការព្យាបាល,,,Misc,N/A,,,,,,
d534da3e-7b59-40ca-a415-d2f5eb94f4a3,,,Thermo-ablation device,Thermo-ablation device,ឧបករណ៍វះកាត់ដោយប្រើកម្តៅ,ឧបករណ៍វះកាត់ដោយប្រើកម្តៅ,,,Misc,N/A,,,,,,
250edbb0-f7bc-4f69-84c2-1a74e75ae73b,,,LEEP,LEEP,ទម្រង់ការវះកាត់ដោយការជាសាច់ជុំវិញមាត់ស្បូន,ទម្រង់ការវះកាត់ដោយការជាសាច់ជុំវិញមាត់ស្បូន,,,Misc,N/A,,,,,,
132fffbd-7261-4b71-a34d-20508544c56b,,,Surgery,Surgery,ការវះកាត់ (សល្យសាស្រ្ត),ការវះកាត់ (សល្យសាស្រ្ត),,,Misc,N/A,,,,,,
e7b6313b-9cf9-4783-9ba6-719a2e7c8aab,,,Chemotherapy,Chemotherapy,ការព្យាបាលដោយប្រើថ្នាំ,ការព្យាបាលដោយប្រើថ្នាំ,,,Misc,N/A,,,,,,
fcfda85e-f415-432f-a548-cc5ef7bcca42,,,Radiotherapy,Radiotherapy,ការព្យាបាលដោយប្រើកាំរស្មី,ការព្យាបាលដោយប្រើកាំរស្មី,,,Misc,N/A,,,,,,
fc11f6e5-5261-4845-bb96-1e95f44f1617,,,Medical treatment,Medical treatment,ការព្យាបាលដោយឳសថ,ការព្យាបាលដោយឳសថ,,,Misc,N/A,,,,,,
c158e3b2-edf9-4e0e-9e95-d36de1a51527,,,Cervical cancer reason for referral,Cervical cancer reason for referral,ហេតុផលនៃមហារីកមាត់ស្បូនសម្រាប់ការបញ្ជូន,ហេតុផលនៃមហារីកមាត់ស្បូនសម្រាប់ការបញ្ជូន,,,Misc,Coded,fc3909e3-9ddb-46e3-b4f7-6905732d977b;7d469a03-a56b-4c51-a421-0e5787556630;5622AAAAAAAAAAAAAAAAAAAAAAAAAAAAAAAA,,,,,
12f61ec2-e0b1-420d-be7b-43a95bce6e4a,,,Cervical cancer reason for referral (Non-coded),Cervical cancer reason for referral (Non-coded),ហេតុផលនៃមហារីកមាត់ស្បូនសម្រាប់ការបញ្ជូន (មិនមានដាក់លេខកូដ),ហេតុផលនៃមហារីកមាត់ស្បូនសម្រាប់ការបញ្ជូន (មិនមានដាក់លេខកូដ),,,Misc,Text,,,,,,
1ca7d712-f7d7-4e09-8184-048bc4173902,,,Cervical cancer treatment options,Cervical cancer treatment options,ជម្រើសក្នុងការព្យាបាលជំងឺមហារីកមាត់ស្បូន,ជម្រើសក្នុងការព្យាបាលជំងឺមហារីកមាត់ស្បូន,,,Misc,Coded,Thermo-ablation device;LEEP;Surgery;Chemotherapy;Radiotherapy;Other,,,,,
e6d18ff5-9d52-4e47-b2b2-762d9aa30604,,,Cervical cancer treatment options (Non-coded),Cervical cancer treatment options (Non-coded),ជម្រើសក្នុងការព្យាបាលជំងឺមហារីកមាត់ស្បូន (មិនមានលេខកូដ),ជម្រើសក្នុងការព្យាបាលជំងឺមហារីកមាត់ស្បូន (មិនមានលេខកូដ),,,Misc,Text,,,,,,
aaf920a1-08a2-49ac-ad72-a876a040ce41,,,4 weeks,4 weeks,៤​ សប្តាហ៍,៤​ សប្តាហ៍,,,Misc,N/A,,,,,,
c2127bca-35e4-4986-8774-4145456f62a7,,,6 weeks,6 weeks,៦​ សប្តាហ៍,៦​ សប្តាហ៍,,,Misc,N/A,,,,,,
99f47ce5-a000-4c6b-9066-a14133f7f603,,,1 year,1 year,១ឆ្នាំ,១ឆ្នាំ,,,Misc,N/A,,,,,,
f3f1ecb7-f4cd-4f80-8691-50626b5bcca3,,,3 years,3 years,៣ ឆ្នាំ,៣ ឆ្នាំ,,,Misc,N/A,,,,,,
f6a3e29c-9ecc-4583-9768-359c77529635,,,Cervical screening follow up,Cervical screening follow up,ការត្រឡប់មកតាមដានដើម្បីពិនិត្យមើលមាត់ស្បូនឡើងវិញ,ការត្រឡប់មកតាមដានដើម្បីពិនិត្យមើលមាត់ស្បូនឡើងវិញ,,,Misc,Coded,4 weeks;6 weeks;1 year;3 years,,,,,
0241c9eb-fef8-4dca-8d5c-dd6bdb48b4f9,,,Bartolinitis,Bartolinitis,ជំងឺរលាកក្រពេញបាតូឡាំង,ជំងឺរលាកក្រពេញបាតូឡាំង,,,Misc,N/A,,,,,,
5a8f6920-f3fe-4018-a821-3cff2ed4434b,,,Warts,Warts,កើតឫស្ស,កើតឫស្ស,,,Misc,N/A,,,,,,
f89ac0c9-298e-43dc-8c13-158b8ec2db63,,,Uterus prolapsus,Uterus prolapsus,ស្បូនស្រុត/ធ្លាក់,ស្បូនស្រុត/ធ្លាក់,,,Misc,N/A,,,,,,
4ef86ec5-e804-476c-8009-90e89cedb6af,,,Vulvitis,Vulvitis,រលាកយោនី,រលាកយោនី,,,Misc,N/A,,,,,,
4a9d6f88-82f4-47d0-a83c-09648bb891e7,,,Vaginitis,Vaginitis,រលាករន្ធយោនី / រលាកទ្វារមាស,រលាករន្ធយោនី / រលាកទ្វារមាស,,,Misc,N/A,,,,,,
4103d60b-ec8b-4197-8290-7cc4132139ca,,,Tumor,Tumor,ដុំសាច់,ដុំសាច់,,,Misc,N/A,,,,,,
ebd85cb3-32a4-4438-addf-1c7d954cbe3c,,,Mobile tumor,Mobile tumor,ដុំសាច់ដែលមានចលនា,ដុំសាច់ដែលមានចលនា,,,Misc,N/A,,,,,,
d9ef9bbe-4408-4b9e-9787-a1bde6e87786,,,Immobile tumor,Immobile tumor,ដុំំសាច់ដែលមិនមានចលនា,ដុំំសាច់ដែលមិនមានចលនា,,,Misc,N/A,,,,,,
8028de40-18d0-412c-8f7a-68cef81de52b,,,Mastitis,Mastitis,ជំងឺរលាកដោះ,ជំងឺរលាកដោះ,,,Misc,N/A,,,,,,
4ad960b5-7168-48ae-a9c1-d0826f3caa8e,,,Ultrasound,Ultrasound,ការឆ្លុះអេកូ,ការឆ្លុះអេកូ,,,Misc,N/A,,,,,,
d58bacd2-0541-4e3c-97ac-d79463630da7,,,Mammography,Mammography,ការឆ្លុះមើលដោះ,ការឆ្លុះមើលដោះ,,,Misc,N/A,,,,,,
ee2741e5-1ae4-4b44-8d56-041c0b257c51,,,Cervicitis,Cervicitis,រលាកមាត់ស្បូន,រលាកមាត់ស្បូន,,,Misc,N/A,,,,,,
59e68692-9cb2-4138-81b9-0986e3ce35b2,,,Naboth cyst,Naboth cyst,ក្រពេញតូចៗពណ៌សលេចចេញលើមាត់ស្បូន,ក្រពេញតូចៗពណ៌សលេចចេញលើមាត់ស្បូន,,,Misc,N/A,,,,,,
cfca3230-c44b-4fce-9ccf-897349230c8a,,,Endometriosis,Endometriosis,ជំងឺរលាកសាច់ស្បូនខាងក្នុង,ជំងឺរលាកសាច់ស្បូនខាងក្នុង,,,Misc,N/A,,,,,,
b2e08a56-4bcd-4bc9-891b-c2f08cb42258,,,Polyp,Polyp,ប៉ូលីប,ប៉ូលីប,,,Misc,N/A,,,,,,
cd4558c3-56d5-47b7-8f16-0c5317877aeb,,,Suspected cervical cancer,Suspected cervical cancer,សង្ស័យមានជំងឺមហារីកមាត់ស្បូន,សង្ស័យមានជំងឺមហារីកមាត់ស្បូន,,,Misc,N/A,,,,,,
20c37ce2-6db6-4c78-b956-79a629d6c5b6,,,Vulva examination,Vulva examination,ការពិនិត្យយោនី,ការពិនិត្យយោនី,,,Misc,Coded,Normal;Bartolinitis;Warts;Uterus prolapsus;Vulvitis;Other,,,,,
576ac172-f3cf-4a45-bcce-46ecefdeb34d,,,Other vulva examination details,Other vulva examination details,ភាពពិស្តារអំពីការពិនិត្យយោនី,ភាពពិស្តារអំពីការពិនិត្យយោនី,,,Misc,Text,,,,,,
b88d4e86-5324-4fe7-ac6a-9437f91d4988,,,Vagina examination,Vagina examination,ការពិនិត្យទ្វារមាស,ការពិនិត្យទ្វារមាស,,,Misc,Coded,Normal;Vaginitis;Tumor;Other,,,,,
26033a22-edcc-4608-aa08-d00e0394d473,,,Other vagina examination details,Other vagina examination details,ភាពពិស្តារអំពីការពិនិត្យទ្វារមាស,ភាពពិស្តារអំពីការពិនិត្យទ្វារមាស,,,Misc,Text,,,,,,
288feadf-eb58-4b0a-9fa7-a57a2aea4dc6,,,Cervix examination,Cervix examination,ការពិនិត្យមាត់ស្បូន/កស្បូន,ការពិនិត្យមាត់ស្បូន/កស្បូន,,,Misc,Coded,Normal;Cervicitis;Naboth cyst;Endometriosis;Polyp;Suspected cervical cancer;Other,,,,,
02d981e3-e0c9-4d86-ab6b-197cd15cd149,,,Other cervix examination details,Other cervix examination details,ភាពពិស្តារផ្សេងទៀតទាក់ទងនឹងការពិនិត្យមាត់ស្បូន/កស្បូន,ភាពពិស្តារផ្សេងទៀតទាក់ទងនឹងការពិនិត្យមាត់ស្បូន/កស្បូន,,,Misc,Text,,,,,,
05b3b2c5-79fd-48e4-9416-3737c8f74233,,,Bimanual examination,Bimanual examination,ការពិនិត្យលូកទ្វារមាស ស្ទាបដោយដៃទាំងពីរ,ការពិនិត្យលូកទ្វារមាស ស្ទាបដោយដៃទាំងពីរ,,,Misc,Coded,Cervix;Uterus;Fallopian tube;Vulva;Rectum,,,,,
c208aa27-9790-4dbf-84eb-2ffc321a1230,,,Self-breast education offered?,Self-breast education offered?,តើការអប់រំអំពី ការពិនិត្យដោះដោយខ្លួនឯង ត្រូវបានគេផ្តល់ឲ្យឬទេ?,តើការអប់រំអំពី ការពិនិត្យដោះដោយខ្លួនឯង ត្រូវបានគេផ្តល់ឲ្យឬទេ?,,,Misc,Coded,Yes;No,,,,,
d1fd20ef-6363-4065-98d6-f36b8f1dc27e,,,Self-breast examination,Self-breast examination,ការពិនិត្យដោះដោយខ្លួនឯង,ការពិនិត្យដោះដោយខ្លួនឯង,,,Misc,Coded,Normal;Mobile tumor;Immobile tumor;Mastitis;Suspected cancer; Other,,,,,
f984b718-d674-40c4-9ac4-8d22963e1933,,,Other self-breast examination details,Other self-breast examination details,ភាពពិស្តារអំពីការពិនិត្យដោះដោយខ្លួនឯង,ភាពពិស្តារអំពីការពិនិត្យដោះដោយខ្លួនឯង,,,Misc,Text,,,,,,
e676ab7f-13b0-4251-84fd-9874c80133b5,,,Breast cancer reason for referral,Breast cancer reason for referral,មូលហេតុដែលត្រូវបញ្ជូនអ្នកជំងឺមហារីកដោះ,មូលហេតុដែលត្រូវបញ្ជូនអ្នកជំងឺមហារីកដោះ,,,Misc,Coded,Ultrasound;Mammography;Biopsis;Other,,,,,
d7e7f0b4-94c8-4bd9-a6ef-a38e1d3efcc8,,,Breast cancer reason for referral (Non-coded),Breast cancer reason for referral (Non-coded),មូលហេតុដែលត្រូវបញ្ជូនអ្នកជំងឺមហារីកដោះ (មិនមានលេខកូដសម្គាល់),មូលហេតុដែលត្រូវបញ្ជូនអ្នកជំងឺមហារីកដោះ (មិនមានលេខកូដសម្គាល់),,,Misc,Text,,,,,,
ed4d2e2f-1ebf-4ab6-b4ee-6dc6d24fca12,,,Breast cancer treatment,Breast cancer treatment,ការព្យាបាលជំងឺមហារីកដោះ,ការព្យាបាលជំងឺមហារីកដោះ,,,Misc,Coded,Surgery;Medical treatment;Radiotherapy;Chemotherapy,,,,,
194da4ae-74fd-48c0-9d25-78c70e9fb21f,,,Does your partner have many sexual partners?,Does your partner have many sexual partners?,តើដៃគូរបស់អ្នកមានដៃគូរួមភេទច្រើនឬទេ?,តើដៃគូរបស់អ្នកមានដៃគូរួមភេទច្រើនឬទេ?,,,Question,Coded,Yes;No,,,,,
b6f6dc57-f3a3-4bf9-94a5-5db24d96ed1d,,,Do you have many sexual partners?,Do you have many sexual partners?,តើអ្នកមានដៃគូរួមភេទច្រើនឬទេ?,តើអ្នកមានដៃគូរួមភេទច្រើនឬទេ?,,,Question,Coded,Yes;No,,,,,
47ab49cc-d7b0-4a2c-bc79-d60784e240d5,,,Breast cancer screening date,Breast cancer screening date,កាលបរិច្ឆេទពិនិត្យជំងឺមហារីកដោះ,កាលបរិច្ឆេទពិនិត្យជំងឺមហារីកដោះ,,,Misc,Date,,,,,,